{
  "area": [
    [
      0,
      0
    ],
    [
      0,
      0
    ],
    [
      0,
      0
    ],
    [
      0,
      0
    ]
  ],
  "area_number": 0,
  "backSwingTime": 0,
  "castAction": "",
  "castActionTime": -1,
  "castEffect": {
    "effect": "asset/Flame Ball with Sparks Effect/gfxy207_light ball_orange_3d.effect",
    "once": true,
    "pos": {
      "x": 0,
      "y": 0,
      "z": 0
    },
    "scale": {
      "x": 1,
      "y": 1,
      "z": 1
    },
    "selfOnly": false,
    "yaw": 0
  },
  "cdMaskConfig": {
    "AntiClockwise": false,
    "FillPosition": "",
    "FillType": "Horizontal",
    "horizontalAlignment": 1,
    "verticalAlignment": 1
  },
  "cdTime": 0,
  "chargeCdMaskConfig": {
    "AntiClockwise": false,
    "FillPosition": "",
    "FillType": "Horizontal",
    "horizontalAlignment": 1,
    "verticalAlignment": 1
  },
  "chargeCdTime": 0,
  "chargeEnableCdMask": false,
  "chargeIsShowCdPoint": false,
  "chargeTimes": 2,
  "consumeVp": 0,
  "customizeSkill": true,
  "damage": 25,
  "dmgFactor": 0,
  "draggingEnabled": false,
  "enable_pre": false,
  "enable_rear": false,
  "enableCdMask": false,
  "enableCdTip": false,
  "enableChargeTime": false,
  "enableMoveBrkBackS": false,
  "enableMoveBrkPreS": false,
  "frontSight": "",
  "horizontalAlignment": 1,
  "hurtDistance": 1,
  "ignoreCastSkillBackS": false,
  "ignoreCastSkillPreS": true,
  "ignoreJumpBackS": false,
  "ignoreJumpPreS": false,
  "ignoreMoveBackS": false,
  "ignoreMovePreS": false,
  "isClick": true,
  "isShowCdPoint": false,
  "isTouch": false,
  "preSwingTime": 0,
  "range": 4,
  "sensitivityFactor": 1,
  "startAction": "",
  "startActionTime": 0,
  "sustainAction": "",
  "type": "MeleeAttack"
}