{
  "autoRotateColliderBox": true,
  "collideEntity": 6,
  "collider": {
    "offset": {
      "x": 0,
      "y": 0,
      "z": 0
    },
    "radius": 1.5,
    "rotation": {
      "x": 0,
      "y": 0,
      "z": 0
    },
    "type": "Sphere"
  },
  "followTarget": false,
  "followTargetRotation": true,
  "followTargetRotationOffset": {
    "x": 0,
    "y": 0,
    "z": 0
  },
  "gravity": 0.05,
  "hitEntityCount": 3,
  "hitEntitySkill": "myplugin/81f056ac-05c9-4e87-88d5-624afb427967",
  "hitEntitysRoles": [
    "hitOtherTeam",
    "hitAllEntitys",
    "hitAllConfigEntity"
  ],
  "hitInterval": 30,
  "isPitch": true,
  "lifeTime": 100,
  "lockRotateBodyPitch": 0,
  "lockRotateBodyRoll": 0,
  "lockRotateBodyYaw": 0,
  "modelMesh": "asset/Mesh/Black Spherical Bomb/zhadan.mesh",
  "modelSizeScale": {
    "x": 1,
    "y": 1,
    "z": 1
  },
  "moveAcc": 0,
  "moveSpeed": 2,
  "rotateFree": true,
  "rotateSpeed": 0,
  "startEffect": {
    "effect": "@asset/Flame Ball with Sparks Effect/gfxy207_light ball_orange_3d.effect",
    "once": true,
    "pos": {
      "x": 0,
      "y": 0,
      "z": 0
    },
    "scale": {
      "x": 4,
      "y": 4,
      "z": 4
    },
    "yaw": 0
  },
  "startWithMoveAcc": true,
  "vanishShow": false,
  "vanishSkill": "myplugin/81f056ac-05c9-4e87-88d5-624afb427967",
  "vanishTime": 10
}