{
  "bake_texture_size": 64,
  "blinn": 0,
  "canBreak": true,
  "hdr": 0,
  "hideCloud": true,
  "is_bake_light_effect_visible": false,
  "moveDownGravity": 0.15,
  "scene": [
    {
      "attributes": [],
      "class": "VoxelTerrain",
      "customProperties": [],
      "properties": {
        "__folder_id": "",
        "collisionGroup": "1",
        "id": "26644713697705985",
        "isVisibleInEditor": "true",
        "name": "VoxelTerrain",
        "uniqueKey": "map001",
        "useForCollision": "false"
      }
    },
    {
      "class": "Light",
      "customProperties": [],
      "properties": {
        "bakeTextureWeight": "1",
        "batchType": "Dynamic",
        "canAcceptShadow": "true",
        "canGenerateShadow": "true",
        "id": "8636598139055390721",
        "ID": "0",
        "isVisibleInEditor": "true",
        "lightActived": "true",
        "lightAngle": "30.0",
        "lightBrightness": "1.0",
        "lightColor": "r:1.0 g:1.0 b:1.0 a:1.0",
        "lightLength": "1.0",
        "lightRange": "8.0",
        "lightType": "GlobalLight",
        "lightWidth": "1.0",
        "name": "EnvironmentLight",
        "needSync": "false",
        "position": "x:0 y:0 z:0",
        "rotation": "x:0 y:0 z:0",
        "scale": "x:1 y:1 z:1",
        "selectable": "true",
        "shadowsDistance": "20.0",
        "shadowsIntensity": "1.0",
        "shadowsOffset": "0.02",
        "shadowsPresicion": "1024",
        "shadowsType": "null",
        "skyColor": "r:0.498039215686275 g:0.513725490196078 b:0.545098039215686 a:1.0",
        "skyLineColor": "r:0.498039215686275 g:0.513725490196078 b:0.545098039215686 a:1.0",
        "useAnchor": "false",
        "useForCollision": "false"
      }
    },
    {
      "class": "Light",
      "customProperties": [],
      "properties": {
        "bakeTextureWeight": "1",
        "batchType": "Dynamic",
        "canAcceptShadow": "true",
        "canGenerateShadow": "true",
        "id": "8636598139123630081",
        "ID": "0",
        "isVisibleInEditor": "true",
        "lightActived": "true",
        "lightAngle": "30.0",
        "lightBrightness": "0.8",
        "lightColor": "r:1.0 g:1.0 b:1.0 a:1.0",
        "lightLength": "1.0",
        "lightRange": "8.0",
        "lightType": "DirectionalLight",
        "lightWidth": "1.0",
        "name": "DirectionalLight",
        "needSync": "false",
        "position": "x:0 y:5 z:0",
        "rotation": "x:50 y:-90 z:-30",
        "scale": "x:1 y:1 z:1",
        "selectable": "true",
        "shadowsDistance": "20.0",
        "shadowsIntensity": "1.0",
        "shadowsOffset": "0.02",
        "shadowsPresicion": "1024",
        "shadowsType": "hard",
        "skyColor": "r:0.498039215686275 g:0.513725490196078 b:0.545098039215686 a:1.0",
        "skyLineColor": "r:0.23921568627451 g:0.227450980392157 b:0.207843137254902 a:1.0",
        "useAnchor": "false",
        "useForCollision": "false"
      }
    },
    {
      "attributes": [],
      "children": [
        {
          "attributes": [],
          "class": "MeshPart",
          "customProperties": [],
          "properties": {
            "angleVelocity": "x:0 y:0 z:0",
            "autoAnchor": "true",
            "bakeTextureWeight": "1",
            "batchType": "Static",
            "bloom": "false",
            "booleanOperation": "0",
            "btsKey": "19def81f-3a71-46c0-a84b-4df4f24ec158",
            "cameraCollideEnable": "true",
            "canAcceptShadow": "true",
            "canGenerateShadow": "true",
            "collisionFidelity": "0",
            "collisionGroup": "1",
            "collisionUniqueKey": "",
            "customShapeData": "",
            "customThreshold": "1",
            "density": "2.2",
            "discardAlpha": "0.0",
            "friction": "0.37",
            "id": "8806988230102745089",
            "isLockedInEditor": "false",
            "isVisibleInEditor": "true",
            "lineVelocity": "x:0 y:0 z:0",
            "localAnchorPoint": "x:0 y:0 z:0",
            "lodData": {
              "lodModelItem": []
            },
            "lodGroup": "",
            "massCenter": "x:0 y:6 z:0",
            "materialAlpha": "1.0",
            "materialColor": "r:1.0 g:1.0 b:1.0 a:1.0",
            "materialOffset": "x:1 y:1 z:1.0",
            "materialTexture": "part_suliao.tga",
            "mesh": "asset/Mesh/Purple Square Area/g2047_4_21_qiang.mesh",
            "metalness": "0",
            "name": "Wall",
            "needSync": "true",
            "originAnchor": "false",
            "partNavMeshType": "1",
            "position": "x:0 y:6 z:0",
            "restitution": "0.3",
            "rotation": "x:0 y:0 z:0",
            "roughness": "0.9",
            "scale": "x:3.19161 y:3.19161 z:3.19161",
            "selectable": "true",
            "staticBatchNo": "",
            "staticObject": "false",
            "useAnchor": "true",
            "useCollide": "true",
            "useForCollision": "false",
            "useGravity": "true",
            "useLodModel": "false",
            "useTextureAlpha": "false"
          }
        },
        {
          "attributes": [],
          "class": "MeshPart",
          "customProperties": [],
          "properties": {
            "angleVelocity": "x:0 y:0 z:0",
            "autoAnchor": "true",
            "bakeTextureWeight": "1",
            "batchType": "Static",
            "bloom": "false",
            "booleanOperation": "0",
            "btsKey": "3ee205eb-236e-4de9-8483-47f1e69a98c5",
            "cameraCollideEnable": "true",
            "canAcceptShadow": "true",
            "canGenerateShadow": "true",
            "collisionFidelity": "0",
            "collisionGroup": "1",
            "collisionUniqueKey": "",
            "customShapeData": "",
            "customThreshold": "1",
            "density": "2.2",
            "discardAlpha": "0.0",
            "friction": "0.37",
            "id": "8806989416502771713",
            "isLockedInEditor": "false",
            "isVisibleInEditor": "true",
            "lineVelocity": "x:0 y:0 z:0",
            "localAnchorPoint": "x:0 y:0 z:0",
            "lodData": {
              "lodModelItem": []
            },
            "lodGroup": "",
            "massCenter": "x:0 y:7 z:0",
            "materialAlpha": "1.0",
            "materialColor": "r:1.0 g:1.0 b:1.0 a:1.0",
            "materialOffset": "x:1 y:1 z:1.0",
            "materialTexture": "part_suliao.tga",
            "mesh": "asset/Mesh/Purple Square Area/g2047_4_21_boli.mesh",
            "metalness": "0",
            "name": "Wall2",
            "needSync": "true",
            "originAnchor": "false",
            "partNavMeshType": "1",
            "position": "x:0 y:7 z:0",
            "restitution": "0.3",
            "rotation": "x:0 y:0 z:0",
            "roughness": "0.9",
            "scale": "x:3.21704 y:3.21704 z:3.21704",
            "selectable": "true",
            "staticBatchNo": "1",
            "staticObject": "false",
            "useAnchor": "true",
            "useCollide": "true",
            "useForCollision": "false",
            "useGravity": "true",
            "useLodModel": "false",
            "useTextureAlpha": "false"
          }
        },
        {
          "attributes": [],
          "class": "MeshPart",
          "customProperties": [],
          "properties": {
            "angleVelocity": "x:0 y:0 z:0",
            "autoAnchor": "true",
            "bakeTextureWeight": "1",
            "batchType": "Static",
            "bloom": "false",
            "booleanOperation": "0",
            "btsKey": "dfec1b74-f4d5-4e1c-988b-21d4de81cbc2",
            "cameraCollideEnable": "true",
            "canAcceptShadow": "true",
            "canGenerateShadow": "true",
            "collisionFidelity": "0",
            "collisionGroup": "1",
            "collisionUniqueKey": "",
            "customShapeData": "",
            "customThreshold": "1",
            "density": "2.2",
            "discardAlpha": "0.0",
            "friction": "0.37",
            "id": "8806990996451082241",
            "isLockedInEditor": "false",
            "isVisibleInEditor": "true",
            "lineVelocity": "x:0 y:0 z:0",
            "localAnchorPoint": "x:0 y:0 z:0",
            "lodData": {
              "lodModelItem": []
            },
            "lodGroup": "",
            "massCenter": "x:0 y:1 z:0",
            "materialAlpha": "1.0",
            "materialColor": "r:1.0 g:1.0 b:1.0 a:1.0",
            "materialOffset": "x:1 y:1 z:1.0",
            "materialTexture": "part_suliao.tga",
            "mesh": "asset/Mesh/Purple Square Area/g2047_4_21_dimian.mesh",
            "metalness": "0",
            "name": "land",
            "needSync": "true",
            "originAnchor": "false",
            "partNavMeshType": "1",
            "position": "x:0 y:1 z:0",
            "restitution": "0.3",
            "rotation": "x:0 y:0 z:0",
            "roughness": "0.9",
            "scale": "x:3.30189 y:3.30189 z:3.30189",
            "selectable": "true",
            "staticBatchNo": "",
            "staticObject": "false",
            "useAnchor": "true",
            "useCollide": "true",
            "useForCollision": "false",
            "useGravity": "true",
            "useLodModel": "false",
            "useTextureAlpha": "false"
          }
        }
      ],
      "class": "Model",
      "customProperties": [],
      "properties": {
        "bakeTextureWeight": "1",
        "batchType": "Static",
        "canAcceptShadow": "true",
        "canGenerateShadow": "true",
        "id": "8806993705364389889",
        "isVisibleInEditor": "true",
        "name": "Model",
        "needSync": "true",
        "position": "x:0 y:5.93643671274185 z:0",
        "rotation": "x:0 y:0 z:0",
        "selectable": "true",
        "useAnchor": "false",
        "useForCollision": "false"
      }
    },
    {
      "attributes": [],
      "children": [
        {
          "attributes": [],
          "class": "Part",
          "customProperties": [],
          "properties": {
            "angleVelocity": "x:0 y:0 z:0",
            "bakeTextureWeight": "1",
            "batchType": "Static",
            "bloom": "false",
            "booleanOperation": "0",
            "btsKey": "ffe6a31d-8448-4e3d-9573-874749ce0887",
            "cameraCollideEnable": "true",
            "canAcceptShadow": "true",
            "canGenerateShadow": "true",
            "collisionFidelity": "0",
            "collisionGroup": "1",
            "collisionUniqueKey": "",
            "customThreshold": "1",
            "density": "2.5",
            "discardAlpha": "0.0",
            "friction": "0.28",
            "id": "8806996139306909697",
            "isLockedInEditor": "false",
            "isVisibleInEditor": "true",
            "lineVelocity": "x:0 y:0 z:0",
            "massCenter": "x:-0.132252395153046 y:1 z:44.573543548584",
            "materialAlpha": "1.0",
            "materialColor": "r:0.0 g:0.0 b:1.0 a:1.0",
            "materialOffset": "x:1 y:1 z:1.0",
            "materialTexture": "part_muban.tga",
            "name": "BlueBase",
            "needSync": "true",
            "partNavMeshType": "1",
            "position": "x:-0.132252395153046 y:1 z:44.573543548584",
            "restitution": "0.2",
            "rotation": "x:0 y:0 z:0",
            "scale": "x:17 y:1 z:20",
            "selectable": "true",
            "shape": "1",
            "staticBatchNo": "auto_batch_0",
            "staticObject": "false",
            "useAnchor": "true",
            "useCollide": "true",
            "useForCollision": "false",
            "useGravity": "true",
            "useTextureAlpha": "false"
          }
        },
        {
          "attributes": [],
          "class": "Part",
          "customProperties": [],
          "properties": {
            "angleVelocity": "x:0 y:0 z:0",
            "bakeTextureWeight": "1",
            "batchType": "Static",
            "bloom": "false",
            "booleanOperation": "0",
            "btsKey": "7e77ff54-9908-4f4c-8fc6-ee7433d03371",
            "cameraCollideEnable": "true",
            "canAcceptShadow": "true",
            "canGenerateShadow": "true",
            "collisionFidelity": "0",
            "collisionGroup": "1",
            "collisionUniqueKey": "",
            "customThreshold": "1",
            "density": "2.5",
            "discardAlpha": "0.0",
            "friction": "0.28",
            "id": "8806999634751782913",
            "isLockedInEditor": "false",
            "isVisibleInEditor": "true",
            "lineVelocity": "x:0 y:0 z:0",
            "massCenter": "x:-8.51525402069092 y:3.42999982833862 z:44.7395324707031",
            "materialAlpha": "1.0",
            "materialColor": "r:0.0 g:0.0 b:1.0 a:1.0",
            "materialOffset": "x:1 y:1 z:1.0",
            "materialTexture": "part_muban.tga",
            "name": "BlueBase",
            "needSync": "true",
            "partNavMeshType": "1",
            "position": "x:-8.51525402069092 y:3.42999982833862 z:44.7395324707031",
            "restitution": "0.2",
            "rotation": "x:0 y:0 z:0",
            "scale": "x:1 y:15 z:20",
            "selectable": "true",
            "shape": "1",
            "staticBatchNo": "auto_batch_0",
            "staticObject": "false",
            "useAnchor": "true",
            "useCollide": "true",
            "useForCollision": "false",
            "useGravity": "true",
            "useTextureAlpha": "false"
          }
        },
        {
          "attributes": [],
          "class": "Part",
          "customProperties": [],
          "properties": {
            "angleVelocity": "x:0 y:0 z:0",
            "bakeTextureWeight": "1",
            "batchType": "Static",
            "bloom": "false",
            "booleanOperation": "0",
            "btsKey": "6d783aec-c1a5-493c-b5f0-2a3e1466bc97",
            "cameraCollideEnable": "true",
            "canAcceptShadow": "true",
            "canGenerateShadow": "true",
            "collisionFidelity": "0",
            "collisionGroup": "1",
            "collisionUniqueKey": "",
            "customThreshold": "1",
            "density": "2.5",
            "discardAlpha": "0.0",
            "friction": "0.28",
            "id": "8807001709094322177",
            "isLockedInEditor": "false",
            "isVisibleInEditor": "true",
            "lineVelocity": "x:0 y:0 z:0",
            "massCenter": "x:8.52974700927734 y:3.42999982833862 z:44.7395324707031",
            "materialAlpha": "1.0",
            "materialColor": "r:0.0 g:0.0 b:1.0 a:1.0",
            "materialOffset": "x:1 y:1 z:1.0",
            "materialTexture": "part_muban.tga",
            "name": "BlueBase",
            "needSync": "true",
            "partNavMeshType": "1",
            "position": "x:8.52974700927734 y:3.42999982833862 z:44.7395324707031",
            "restitution": "0.2",
            "rotation": "x:0 y:0 z:0",
            "scale": "x:1 y:15 z:20",
            "selectable": "true",
            "shape": "1",
            "staticBatchNo": "auto_batch_0",
            "staticObject": "false",
            "useAnchor": "true",
            "useCollide": "true",
            "useForCollision": "false",
            "useGravity": "true",
            "useTextureAlpha": "false"
          }
        },
        {
          "attributes": [],
          "class": "Part",
          "customProperties": [],
          "properties": {
            "angleVelocity": "x:0 y:0 z:0",
            "bakeTextureWeight": "1",
            "batchType": "Static",
            "bloom": "false",
            "booleanOperation": "0",
            "btsKey": "23672f34-27e3-451e-bca2-a4f4f52e6a47",
            "cameraCollideEnable": "true",
            "canAcceptShadow": "true",
            "canGenerateShadow": "true",
            "collisionFidelity": "0",
            "collisionGroup": "1",
            "collisionUniqueKey": "",
            "customThreshold": "1",
            "density": "2.5",
            "discardAlpha": "0.0",
            "friction": "0.28",
            "id": "8807003258072154113",
            "isLockedInEditor": "false",
            "isVisibleInEditor": "true",
            "lineVelocity": "x:0 y:0 z:0",
            "massCenter": "x:-0.00425460934638977 y:3.42999982833862 z:54.6625061035156",
            "materialAlpha": "1.0",
            "materialColor": "r:0.0 g:0.0 b:1.0 a:1.0",
            "materialOffset": "x:1 y:1 z:1.0",
            "materialTexture": "part_muban.tga",
            "name": "BlueBase",
            "needSync": "true",
            "partNavMeshType": "1",
            "position": "x:-0.00425460934638977 y:3.42999982833862 z:54.6625061035156",
            "restitution": "0.2",
            "rotation": "x:0 y:0 z:0",
            "scale": "x:18 y:15 z:1",
            "selectable": "true",
            "shape": "1",
            "staticBatchNo": "auto_batch_0",
            "staticObject": "false",
            "useAnchor": "true",
            "useCollide": "true",
            "useForCollision": "false",
            "useGravity": "true",
            "useTextureAlpha": "false"
          }
        },
        {
          "attributes": [],
          "class": "Part",
          "customProperties": [],
          "properties": {
            "angleVelocity": "x:0 y:0 z:0",
            "bakeTextureWeight": "1",
            "batchType": "Static",
            "bloom": "false",
            "booleanOperation": "0",
            "btsKey": "fe7bd807-0ca2-45ed-aef4-423fa9a58ded",
            "cameraCollideEnable": "true",
            "canAcceptShadow": "true",
            "canGenerateShadow": "true",
            "collisionFidelity": "0",
            "collisionGroup": "1",
            "collisionUniqueKey": "",
            "customThreshold": "1",
            "density": "2.5",
            "discardAlpha": "0.0",
            "friction": "0.28",
            "id": "8808484112454844417",
            "isLockedInEditor": "false",
            "isVisibleInEditor": "true",
            "lineVelocity": "x:0 y:0 z:0",
            "massCenter": "x:-34.9892272949219 y:3.42999982833862 z:-0.849464416503906",
            "materialAlpha": "1.0",
            "materialColor": "r:0.0 g:0.0 b:1.0 a:1.0",
            "materialOffset": "x:1 y:1 z:1.0",
            "materialTexture": "part_muban.tga",
            "name": "BlueBase",
            "needSync": "true",
            "partNavMeshType": "1",
            "position": "x:-34.9892272949219 y:3.42999982833862 z:-0.849464416503906",
            "restitution": "0.2",
            "rotation": "x:0 y:0 z:0",
            "scale": "x:1 y:15 z:20",
            "selectable": "true",
            "shape": "1",
            "staticBatchNo": "auto_batch_0",
            "staticObject": "false",
            "useAnchor": "true",
            "useCollide": "true",
            "useForCollision": "false",
            "useGravity": "true",
            "useTextureAlpha": "false"
          }
        },
        {
          "attributes": [],
          "class": "Part",
          "customProperties": [],
          "properties": {
            "angleVelocity": "x:0 y:0 z:0",
            "bakeTextureWeight": "1",
            "batchType": "Static",
            "bloom": "false",
            "booleanOperation": "0",
            "btsKey": "e7614b75-241d-4970-b301-e4e266082514",
            "cameraCollideEnable": "true",
            "canAcceptShadow": "true",
            "canGenerateShadow": "true",
            "collisionFidelity": "0",
            "collisionGroup": "1",
            "collisionUniqueKey": "",
            "customThreshold": "1",
            "density": "2.5",
            "discardAlpha": "0.0",
            "friction": "0.28",
            "id": "8808484927369936897",
            "isLockedInEditor": "false",
            "isVisibleInEditor": "true",
            "lineVelocity": "x:0 y:0 z:0",
            "massCenter": "x:35.2087860107422 y:3.42999982833862 z:-0.849464416503906",
            "materialAlpha": "1.0",
            "materialColor": "r:1.0 g:0.0 b:0.0 a:1.0",
            "materialOffset": "x:1 y:1 z:1.0",
            "materialTexture": "part_muban.tga",
            "name": "BlueBase",
            "needSync": "true",
            "partNavMeshType": "1",
            "position": "x:35.2087860107422 y:3.42999982833862 z:-0.849464416503906",
            "restitution": "0.2",
            "rotation": "x:0 y:0 z:0",
            "scale": "x:1 y:15 z:20",
            "selectable": "true",
            "shape": "1",
            "staticBatchNo": "auto_batch_0",
            "staticObject": "false",
            "useAnchor": "true",
            "useCollide": "true",
            "useForCollision": "false",
            "useGravity": "true",
            "useTextureAlpha": "false"
          }
        }
      ],
      "class": "Model",
      "customProperties": [],
      "properties": {
        "bakeTextureWeight": "1",
        "batchType": "Static",
        "canAcceptShadow": "true",
        "canGenerateShadow": "true",
        "id": "8807004784604037121",
        "isVisibleInEditor": "true",
        "name": "BlueBase",
        "needSync": "true",
        "position": "x:0.00724649429321289 y:3.42999982833862 z:44.8680248260498",
        "rotation": "x:0 y:0 z:0",
        "selectable": "true",
        "useAnchor": "false",
        "useForCollision": "false"
      }
    },
    {
      "attributes": [],
      "children": [
        {
          "attributes": [],
          "class": "Part",
          "customProperties": [],
          "properties": {
            "angleVelocity": "x:0 y:0 z:0",
            "bakeTextureWeight": "1",
            "batchType": "Static",
            "bloom": "false",
            "booleanOperation": "0",
            "btsKey": "ffe6a31d-8448-4e3d-9573-874749ce0887",
            "cameraCollideEnable": "true",
            "canAcceptShadow": "true",
            "canGenerateShadow": "true",
            "collisionFidelity": "0",
            "collisionGroup": "1",
            "collisionUniqueKey": "",
            "customThreshold": "1",
            "density": "2.5",
            "discardAlpha": "0.0",
            "friction": "0.28",
            "id": "8807005278912380929",
            "isLockedInEditor": "false",
            "isVisibleInEditor": "true",
            "lineVelocity": "x:0 y:0 z:0",
            "massCenter": "x:0.146747380495071 y:1.00000023841858 z:-44.4674873352051",
            "materialAlpha": "1.0",
            "materialColor": "r:1.0 g:0.0 b:0.0 a:1.0",
            "materialOffset": "x:1 y:1 z:1.0",
            "materialTexture": "part_muban.tga",
            "name": "BlueBase",
            "needSync": "true",
            "partNavMeshType": "1",
            "position": "x:0.146747380495071 y:1.00000023841858 z:-44.4674873352051",
            "restitution": "0.2",
            "rotation": "x:0 y:-179.999984741211 z:0",
            "scale": "x:17 y:1 z:20",
            "selectable": "true",
            "shape": "1",
            "staticBatchNo": "auto_batch_0",
            "staticObject": "false",
            "useAnchor": "true",
            "useCollide": "true",
            "useForCollision": "false",
            "useGravity": "true",
            "useTextureAlpha": "false"
          }
        },
        {
          "attributes": [],
          "class": "Part",
          "customProperties": [],
          "properties": {
            "angleVelocity": "x:0 y:0 z:0",
            "bakeTextureWeight": "1",
            "batchType": "Static",
            "bloom": "false",
            "booleanOperation": "0",
            "btsKey": "7e77ff54-9908-4f4c-8fc6-ee7433d03371",
            "cameraCollideEnable": "true",
            "canAcceptShadow": "true",
            "canGenerateShadow": "true",
            "collisionFidelity": "0",
            "collisionGroup": "1",
            "collisionUniqueKey": "",
            "customThreshold": "1",
            "density": "2.5",
            "discardAlpha": "0.0",
            "friction": "0.28",
            "id": "8807005278921342977",
            "isLockedInEditor": "false",
            "isVisibleInEditor": "true",
            "lineVelocity": "x:0 y:0 z:0",
            "massCenter": "x:8.52975463867188 y:3.42999982833862 z:-44.6334762573242",
            "materialAlpha": "1.0",
            "materialColor": "r:1.0 g:0.0 b:0.0 a:1.0",
            "materialOffset": "x:1 y:1 z:1.0",
            "materialTexture": "part_muban.tga",
            "name": "BlueBase",
            "needSync": "true",
            "partNavMeshType": "1",
            "position": "x:8.52975463867188 y:3.42999982833862 z:-44.6334762573242",
            "restitution": "0.2",
            "rotation": "x:0 y:-179.999984741211 z:0",
            "scale": "x:1 y:15 z:20",
            "selectable": "true",
            "shape": "1",
            "staticBatchNo": "auto_batch_0",
            "staticObject": "false",
            "useAnchor": "true",
            "useCollide": "true",
            "useForCollision": "false",
            "useGravity": "true",
            "useTextureAlpha": "false"
          }
        },
        {
          "attributes": [],
          "class": "Part",
          "customProperties": [],
          "properties": {
            "angleVelocity": "x:0 y:0 z:0",
            "bakeTextureWeight": "1",
            "batchType": "Static",
            "bloom": "false",
            "booleanOperation": "0",
            "btsKey": "6d783aec-c1a5-493c-b5f0-2a3e1466bc97",
            "cameraCollideEnable": "true",
            "canAcceptShadow": "true",
            "canGenerateShadow": "true",
            "collisionFidelity": "0",
            "collisionGroup": "1",
            "collisionUniqueKey": "",
            "customThreshold": "1",
            "density": "2.5",
            "discardAlpha": "0.0",
            "friction": "0.28",
            "id": "8807005278930436097",
            "isLockedInEditor": "false",
            "isVisibleInEditor": "true",
            "lineVelocity": "x:0 y:0 z:0",
            "massCenter": "x:-8.51526069641113 y:3.42999982833862 z:-44.6334686279297",
            "materialAlpha": "1.0",
            "materialColor": "r:1.0 g:0.0 b:0.0 a:1.0",
            "materialOffset": "x:1 y:1 z:1.0",
            "materialTexture": "part_muban.tga",
            "name": "BlueBase",
            "needSync": "true",
            "partNavMeshType": "1",
            "position": "x:-8.51526069641113 y:3.42999982833862 z:-44.6334686279297",
            "restitution": "0.2",
            "rotation": "x:0 y:-179.999984741211 z:0",
            "scale": "x:1 y:15 z:20",
            "selectable": "true",
            "shape": "1",
            "staticBatchNo": "auto_batch_0",
            "staticObject": "false",
            "useAnchor": "true",
            "useCollide": "true",
            "useForCollision": "false",
            "useGravity": "true",
            "useTextureAlpha": "false"
          }
        },
        {
          "attributes": [],
          "class": "Part",
          "customProperties": [],
          "properties": {
            "angleVelocity": "x:0 y:0 z:0",
            "bakeTextureWeight": "1",
            "batchType": "Static",
            "bloom": "false",
            "booleanOperation": "0",
            "btsKey": "23672f34-27e3-451e-bca2-a4f4f52e6a47",
            "cameraCollideEnable": "true",
            "canAcceptShadow": "true",
            "canGenerateShadow": "true",
            "collisionFidelity": "0",
            "collisionGroup": "1",
            "collisionUniqueKey": "",
            "customThreshold": "1",
            "density": "2.5",
            "discardAlpha": "0.0",
            "friction": "0.28",
            "id": "8807005278940790785",
            "isLockedInEditor": "false",
            "isVisibleInEditor": "true",
            "lineVelocity": "x:0 y:0 z:0",
            "massCenter": "x:0.0187472719699144 y:3.42999982833862 z:-54.5564613342285",
            "materialAlpha": "1.0",
            "materialColor": "r:1.0 g:0.0 b:0.0 a:1.0",
            "materialOffset": "x:1 y:1 z:1.0",
            "materialTexture": "part_muban.tga",
            "name": "BlueBase",
            "needSync": "true",
            "partNavMeshType": "1",
            "position": "x:0.0187472719699144 y:3.42999982833862 z:-54.5564613342285",
            "restitution": "0.2",
            "rotation": "x:0 y:-179.999984741211 z:0",
            "scale": "x:18 y:15 z:1",
            "selectable": "true",
            "shape": "1",
            "staticBatchNo": "auto_batch_0",
            "staticObject": "false",
            "useAnchor": "true",
            "useCollide": "true",
            "useForCollision": "false",
            "useGravity": "true",
            "useTextureAlpha": "false"
          }
        }
      ],
      "class": "Model",
      "customProperties": [],
      "properties": {
        "bakeTextureWeight": "1",
        "batchType": "Static",
        "canAcceptShadow": "true",
        "canGenerateShadow": "true",
        "id": "8807005278954422273",
        "isVisibleInEditor": "true",
        "name": "RedBase",
        "needSync": "true",
        "position": "x:0.00724831083789468 y:3.42999982833862 z:-44.7689666748047",
        "rotation": "x:0 y:-179.999984741211 z:0",
        "selectable": "true",
        "useAnchor": "false",
        "useForCollision": "false"
      }
    },
    {
      "attributes": [],
      "children": [
        {
          "attributes": [],
          "class": "EffectPart",
          "customProperties": [],
          "properties": {
            "bakeTextureWeight": "1",
            "batchType": "Static",
            "canAcceptShadow": "true",
            "canGenerateShadow": "true",
            "effectFilePath": "asset/Yellow Descending Light Pillar Effect/zmzz210_gravity field_01_yellow_3d.effect",
            "id": "8808440121787383809",
            "isVisibleInEditor": "true",
            "loopCount": "1",
            "loopInterval": "0.0",
            "loopReset": "false",
            "maxViewDistance": "-1",
            "name": "EffectPart",
            "needSync": "true",
            "position": "x:0 y:6.995 z:0",
            "rotation": "x:0 y:0 z:0",
            "scale": "x:1 y:1 z:1",
            "selectable": "true",
            "useAnchor": "false",
            "useForCollision": "false",
            "visible": "true"
          }
        }
      ],
      "class": "MeshPart",
      "customProperties": [],
      "properties": {
        "angleVelocity": "x:0 y:0 z:0",
        "autoAnchor": "true",
        "bakeTextureWeight": "1",
        "batchType": "Static",
        "bloom": "false",
        "booleanOperation": "0",
        "btsKey": "d032a4d8-265a-42f6-aaa9-a6c3dd3bea0b",
        "cameraCollideEnable": "true",
        "canAcceptShadow": "true",
        "canGenerateShadow": "true",
        "collisionFidelity": "0",
        "collisionGroup": "1",
        "collisionUniqueKey": "",
        "customShapeData": "",
        "customThreshold": "1",
        "density": "2.2",
        "discardAlpha": "0.0",
        "friction": "0.37",
        "id": "8807013321554034689",
        "isLockedInEditor": "false",
        "isVisibleInEditor": "true",
        "lineVelocity": "x:0 y:0 z:0",
        "localAnchorPoint": "x:0 y:0 z:0",
        "lodData": {
          "lodModelItem": []
        },
        "lodGroup": "",
        "massCenter": "x:0 y:15.705 z:0",
        "materialAlpha": "1.0",
        "materialColor": "r:1.0 g:1.0 b:1.0 a:1.0",
        "materialOffset": "x:1 y:1 z:1.0",
        "materialTexture": "part_suliao.tga",
        "mesh": "asset/Mesh/Blue Technology Elevator/g2042_build_dianti.mesh",
        "metalness": "0",
        "name": "g2042_build_dianti.mesh",
        "needSync": "true",
        "originAnchor": "false",
        "partNavMeshType": "1",
        "position": "x:0 y:15.705 z:0",
        "restitution": "0.3",
        "rotation": "x:0 y:0 z:0",
        "roughness": "0.9",
        "scale": "x:1 y:1 z:1",
        "selectable": "true",
        "staticBatchNo": "1",
        "staticObject": "false",
        "useAnchor": "true",
        "useCollide": "true",
        "useForCollision": "false",
        "useGravity": "true",
        "useLodModel": "false",
        "useTextureAlpha": "false"
      }
    },
    {
      "attributes": [],
      "class": "MeshPart",
      "customProperties": [],
      "properties": {
        "angleVelocity": "x:0 y:0 z:0",
        "autoAnchor": "true",
        "bakeTextureWeight": "1",
        "batchType": "Static",
        "bloom": "false",
        "booleanOperation": "0",
        "btsKey": "712a5901-46c3-49d9-a3f9-1d03f02f6f0c",
        "cameraCollideEnable": "true",
        "canAcceptShadow": "true",
        "canGenerateShadow": "true",
        "collisionFidelity": "0",
        "collisionGroup": "1",
        "collisionUniqueKey": "",
        "customShapeData": "",
        "customThreshold": "1",
        "density": "2.2",
        "discardAlpha": "0.0",
        "friction": "0.37",
        "id": "8807678729676701697",
        "isLockedInEditor": "false",
        "isVisibleInEditor": "true",
        "lineVelocity": "x:0 y:0 z:0",
        "localAnchorPoint": "x:0 y:0 z:0",
        "lodData": {
          "lodModelItem": []
        },
        "lodGroup": "",
        "massCenter": "x:-0.0587654113769531 y:1.70000195503235 z:44.2605476379395",
        "materialAlpha": "1.0",
        "materialColor": "r:1.0 g:1.0 b:1.0 a:1.0",
        "materialOffset": "x:1 y:1 z:1.0",
        "materialTexture": "part_suliao.tga",
        "mesh": "asset/Mesh/Blue Curved Wall/g2038_daoguan_1.mesh",
        "metalness": "0",
        "name": "BaseBlue",
        "needSync": "true",
        "originAnchor": "false",
        "partNavMeshType": "1",
        "position": "x:-0.0587654113769531 y:1.70000195503235 z:44.2605476379395",
        "restitution": "0.3",
        "rotation": "x:0 y:0 z:0",
        "roughness": "0.9",
        "scale": "x:98.52 y:98.52 z:98.52",
        "selectable": "true",
        "staticBatchNo": "1",
        "staticObject": "false",
        "useAnchor": "true",
        "useCollide": "true",
        "useForCollision": "false",
        "useGravity": "true",
        "useLodModel": "false",
        "useTextureAlpha": "false"
      }
    },
    {
      "attributes": [],
      "class": "MeshPart",
      "customProperties": [],
      "properties": {
        "angleVelocity": "x:0 y:0 z:0",
        "autoAnchor": "true",
        "bakeTextureWeight": "1",
        "batchType": "Static",
        "bloom": "false",
        "booleanOperation": "0",
        "btsKey": "a6453f03-babf-4045-9b0a-d3581e44b0fe",
        "cameraCollideEnable": "true",
        "canAcceptShadow": "true",
        "canGenerateShadow": "true",
        "collisionFidelity": "0",
        "collisionGroup": "1",
        "collisionUniqueKey": "",
        "customShapeData": "",
        "customThreshold": "1",
        "density": "2.2",
        "discardAlpha": "0.0",
        "friction": "0.37",
        "id": "8807709884871884801",
        "isLockedInEditor": "false",
        "isVisibleInEditor": "true",
        "lineVelocity": "x:0 y:0 z:0",
        "localAnchorPoint": "x:0 y:0 z:0",
        "lodData": {
          "lodModelItem": []
        },
        "lodGroup": "",
        "massCenter": "x:-0.710918426513672 y:1.55699932575226 z:-44.7073707580566",
        "materialAlpha": "1.0",
        "materialColor": "r:1.0 g:1.0 b:1.0 a:1.0",
        "materialOffset": "x:1 y:1 z:1.0",
        "materialTexture": "part_suliao.tga",
        "mesh": "asset/Mesh/Red Curved Wall/g2038_daoguan_2.mesh",
        "metalness": "0",
        "name": "BaseRed",
        "needSync": "true",
        "originAnchor": "false",
        "partNavMeshType": "1",
        "position": "x:-0.710918426513672 y:1.55699932575226 z:-44.7073707580566",
        "restitution": "0.3",
        "rotation": "x:0 y:0 z:0",
        "roughness": "0.9",
        "scale": "x:101.079 y:101.078 z:101.078",
        "selectable": "true",
        "staticBatchNo": "1",
        "staticObject": "false",
        "useAnchor": "true",
        "useCollide": "true",
        "useForCollision": "false",
        "useGravity": "true",
        "useLodModel": "false",
        "useTextureAlpha": "false"
      }
    },
    {
      "attributes": [],
      "class": "MeshPart",
      "customProperties": [],
      "properties": {
        "angleVelocity": "x:0 y:0 z:0",
        "autoAnchor": "true",
        "bakeTextureWeight": "1",
        "batchType": "Dynamic",
        "bloom": "false",
        "booleanOperation": "0",
        "btsKey": "0498c068-9aea-47ff-9e43-52b9065d5fbb",
        "cameraCollideEnable": "true",
        "canAcceptShadow": "true",
        "canGenerateShadow": "true",
        "collisionFidelity": "0",
        "collisionGroup": "1",
        "collisionUniqueKey": "",
        "customShapeData": "",
        "customThreshold": "1",
        "density": "2.2",
        "discardAlpha": "0.0",
        "friction": "0.37",
        "id": "8807728797335093249",
        "isLockedInEditor": "false",
        "isVisibleInEditor": "true",
        "lineVelocity": "x:0 y:0 z:0",
        "localAnchorPoint": "x:0 y:0 z:0",
        "lodData": {
          "lodModelItem": []
        },
        "lodGroup": "",
        "massCenter": "x:0 y:2 z:0",
        "materialAlpha": "1.0",
        "materialColor": "r:1.0 g:1.0 b:1.0 a:1.0",
        "materialOffset": "x:1 y:1 z:1.0",
        "materialTexture": "part_suliao.tga",
        "mesh": "asset/Mesh/Brown Square Area/g2047_3_27_qiang.mesh",
        "metalness": "0",
        "name": "g2047_3_27_qiang.mesh",
        "needSync": "true",
        "originAnchor": "false",
        "partNavMeshType": "1",
        "position": "x:0 y:2 z:0",
        "restitution": "0.3",
        "rotation": "x:0 y:0 z:0",
        "roughness": "0.9",
        "scale": "x:0.928397 y:0.928397 z:0.928397",
        "selectable": "true",
        "staticBatchNo": "",
        "staticObject": "false",
        "useAnchor": "false",
        "useCollide": "true",
        "useForCollision": "false",
        "useGravity": "true",
        "useLodModel": "false",
        "useTextureAlpha": "false"
      }
    },
    {
      "attributes": [],
      "children": [
        {
          "attributes": [],
          "class": "EffectPart",
          "customProperties": [],
          "properties": {
            "bakeTextureWeight": "1",
            "batchType": "Static",
            "canAcceptShadow": "true",
            "canGenerateShadow": "true",
            "effectFilePath": "asset/Rainbow Arrow Click Effect/sots208_arrow click_01_color _3d.effect",
            "id": "8807743359953125377",
            "isVisibleInEditor": "true",
            "loopCount": "1",
            "loopInterval": "0.0",
            "loopReset": "false",
            "maxViewDistance": "-1",
            "name": "EffectPart",
            "needSync": "true",
            "position": "x:-20 y:1 z:-20",
            "rotation": "x:0 y:0 z:0",
            "scale": "x:1 y:1 z:1",
            "selectable": "true",
            "useAnchor": "false",
            "useForCollision": "false",
            "visible": "true"
          }
        }
      ],
      "class": "MeshPart",
      "customProperties": [],
      "properties": {
        "angleVelocity": "x:0 y:0 z:0",
        "autoAnchor": "true",
        "bakeTextureWeight": "1",
        "batchType": "Static",
        "bloom": "false",
        "booleanOperation": "0",
        "btsKey": "a61f8c37-84d5-4351-bc12-b3e002aab319",
        "cameraCollideEnable": "true",
        "canAcceptShadow": "true",
        "canGenerateShadow": "true",
        "collisionFidelity": "0",
        "collisionGroup": "1",
        "collisionUniqueKey": "",
        "customShapeData": "",
        "customThreshold": "1",
        "density": "2.2",
        "discardAlpha": "0.0",
        "friction": "0.37",
        "id": "8807733863302283265",
        "isLockedInEditor": "false",
        "isVisibleInEditor": "true",
        "lineVelocity": "x:0 y:0 z:0",
        "localAnchorPoint": "x:0 y:0 z:0",
        "lodData": {
          "lodModelItem": []
        },
        "lodGroup": "",
        "massCenter": "x:-20 y:1 z:-20",
        "materialAlpha": "1.0",
        "materialColor": "r:1.0 g:1.0 b:1.0 a:1.0",
        "materialOffset": "x:1 y:1 z:1.0",
        "materialTexture": "part_suliao.tga",
        "mesh": "asset/Mesh/Yellow Blue Round Base/g2047_hall_door.mesh",
        "metalness": "0",
        "name": "Npc_spawan1",
        "needSync": "true",
        "originAnchor": "false",
        "partNavMeshType": "1",
        "position": "x:-20 y:1 z:-20",
        "restitution": "0.3",
        "rotation": "x:0 y:0 z:0",
        "roughness": "0.9",
        "scale": "x:1 y:1 z:1",
        "selectable": "true",
        "staticBatchNo": "1",
        "staticObject": "false",
        "useAnchor": "true",
        "useCollide": "true",
        "useForCollision": "false",
        "useGravity": "true",
        "useLodModel": "false",
        "useTextureAlpha": "false"
      }
    },
    {
      "attributes": [],
      "children": [
        {
          "attributes": [],
          "class": "EffectPart",
          "customProperties": [],
          "properties": {
            "bakeTextureWeight": "1",
            "batchType": "Static",
            "canAcceptShadow": "true",
            "canGenerateShadow": "true",
            "effectFilePath": "asset/Rainbow Arrow Click Effect/sots208_arrow click_01_color _3d.effect",
            "id": "8807743945903439873",
            "isVisibleInEditor": "true",
            "loopCount": "1",
            "loopInterval": "0.0",
            "loopReset": "false",
            "maxViewDistance": "-1",
            "name": "EffectPart",
            "needSync": "true",
            "position": "x:20 y:1 z:-20",
            "rotation": "x:0 y:0 z:0",
            "scale": "x:1 y:1 z:1",
            "selectable": "true",
            "useAnchor": "false",
            "useForCollision": "false",
            "visible": "true"
          }
        }
      ],
      "class": "MeshPart",
      "customProperties": [],
      "properties": {
        "angleVelocity": "x:0 y:0 z:0",
        "autoAnchor": "true",
        "bakeTextureWeight": "1",
        "batchType": "Static",
        "bloom": "false",
        "booleanOperation": "0",
        "btsKey": "dec32aa0-f11c-43fa-bec8-c25aa39c0e64",
        "cameraCollideEnable": "true",
        "canAcceptShadow": "true",
        "canGenerateShadow": "true",
        "collisionFidelity": "0",
        "collisionGroup": "1",
        "collisionUniqueKey": "",
        "customShapeData": "",
        "customThreshold": "1",
        "density": "2.2",
        "discardAlpha": "0.0",
        "friction": "0.37",
        "id": "8807735235097477121",
        "isLockedInEditor": "false",
        "isVisibleInEditor": "true",
        "lineVelocity": "x:0 y:0 z:0",
        "localAnchorPoint": "x:0 y:0 z:0",
        "lodData": {
          "lodModelItem": []
        },
        "lodGroup": "",
        "massCenter": "x:20 y:1 z:-20",
        "materialAlpha": "1.0",
        "materialColor": "r:1.0 g:1.0 b:1.0 a:1.0",
        "materialOffset": "x:1 y:1 z:1.0",
        "materialTexture": "part_suliao.tga",
        "mesh": "asset/Mesh/Yellow Blue Round Base/g2047_hall_door.mesh",
        "metalness": "0",
        "name": "Npc_spawan2",
        "needSync": "true",
        "originAnchor": "false",
        "partNavMeshType": "1",
        "position": "x:20 y:1 z:-20",
        "restitution": "0.3",
        "rotation": "x:0 y:0 z:0",
        "roughness": "0.9",
        "scale": "x:1 y:1 z:1",
        "selectable": "true",
        "staticBatchNo": "1",
        "staticObject": "false",
        "useAnchor": "true",
        "useCollide": "true",
        "useForCollision": "false",
        "useGravity": "true",
        "useLodModel": "false",
        "useTextureAlpha": "false"
      }
    },
    {
      "attributes": [],
      "children": [
        {
          "attributes": [],
          "class": "EffectPart",
          "customProperties": [],
          "properties": {
            "bakeTextureWeight": "1",
            "batchType": "Static",
            "canAcceptShadow": "true",
            "canGenerateShadow": "true",
            "effectFilePath": "asset/Rainbow Arrow Click Effect/sots208_arrow click_01_color _3d.effect",
            "id": "8807743165620666369",
            "isVisibleInEditor": "true",
            "loopCount": "1",
            "loopInterval": "0.0",
            "loopReset": "false",
            "maxViewDistance": "-1",
            "name": "EffectPart",
            "needSync": "true",
            "position": "x:-20 y:1 z:20",
            "rotation": "x:0 y:0 z:0",
            "scale": "x:1 y:1 z:1",
            "selectable": "true",
            "useAnchor": "false",
            "useForCollision": "false",
            "visible": "true"
          }
        }
      ],
      "class": "MeshPart",
      "customProperties": [],
      "properties": {
        "angleVelocity": "x:0 y:0 z:0",
        "autoAnchor": "true",
        "bakeTextureWeight": "1",
        "batchType": "Static",
        "bloom": "false",
        "booleanOperation": "0",
        "btsKey": "85bfc69c-3a13-44db-965f-223db868698a",
        "cameraCollideEnable": "true",
        "canAcceptShadow": "true",
        "canGenerateShadow": "true",
        "collisionFidelity": "0",
        "collisionGroup": "1",
        "collisionUniqueKey": "",
        "customShapeData": "",
        "customThreshold": "1",
        "density": "2.2",
        "discardAlpha": "0.0",
        "friction": "0.37",
        "id": "8807735795129466881",
        "isLockedInEditor": "false",
        "isVisibleInEditor": "true",
        "lineVelocity": "x:0 y:0 z:0",
        "localAnchorPoint": "x:0 y:0 z:0",
        "lodData": {
          "lodModelItem": []
        },
        "lodGroup": "",
        "massCenter": "x:-20 y:1 z:20",
        "materialAlpha": "1.0",
        "materialColor": "r:1.0 g:1.0 b:1.0 a:1.0",
        "materialOffset": "x:1 y:1 z:1.0",
        "materialTexture": "part_suliao.tga",
        "mesh": "asset/Mesh/Yellow Blue Round Base/g2047_hall_door.mesh",
        "metalness": "0",
        "name": "Npc_spawan3",
        "needSync": "true",
        "originAnchor": "false",
        "partNavMeshType": "1",
        "position": "x:-20 y:1 z:20",
        "restitution": "0.3",
        "rotation": "x:0 y:0 z:0",
        "roughness": "0.9",
        "scale": "x:1 y:1 z:1",
        "selectable": "true",
        "staticBatchNo": "1",
        "staticObject": "false",
        "useAnchor": "true",
        "useCollide": "true",
        "useForCollision": "false",
        "useGravity": "true",
        "useLodModel": "false",
        "useTextureAlpha": "false"
      }
    },
    {
      "attributes": [],
      "children": [
        {
          "attributes": [],
          "class": "EffectPart",
          "customProperties": [],
          "properties": {
            "bakeTextureWeight": "1",
            "batchType": "Static",
            "canAcceptShadow": "true",
            "canGenerateShadow": "true",
            "effectFilePath": "asset/Rainbow Arrow Click Effect/sots208_arrow click_01_color _3d.effect",
            "id": "8807743519404982273",
            "isVisibleInEditor": "true",
            "loopCount": "1",
            "loopInterval": "0.0",
            "loopReset": "false",
            "maxViewDistance": "-1",
            "name": "EffectPart",
            "needSync": "true",
            "position": "x:20 y:1 z:20",
            "rotation": "x:0 y:0 z:0",
            "scale": "x:1 y:1 z:1",
            "selectable": "true",
            "useAnchor": "false",
            "useForCollision": "false",
            "visible": "true"
          }
        }
      ],
      "class": "MeshPart",
      "customProperties": [],
      "properties": {
        "angleVelocity": "x:0 y:0 z:0",
        "autoAnchor": "true",
        "bakeTextureWeight": "1",
        "batchType": "Static",
        "bloom": "false",
        "booleanOperation": "0",
        "btsKey": "571e5f64-20a9-4c97-ae6f-37ecb69066f5",
        "cameraCollideEnable": "true",
        "canAcceptShadow": "true",
        "canGenerateShadow": "true",
        "collisionFidelity": "0",
        "collisionGroup": "1",
        "collisionUniqueKey": "",
        "customShapeData": "",
        "customThreshold": "1",
        "density": "2.2",
        "discardAlpha": "0.0",
        "friction": "0.37",
        "id": "8807736163189882881",
        "isLockedInEditor": "false",
        "isVisibleInEditor": "true",
        "lineVelocity": "x:0 y:0 z:0",
        "localAnchorPoint": "x:0 y:0 z:0",
        "lodData": {
          "lodModelItem": []
        },
        "lodGroup": "",
        "massCenter": "x:20 y:1 z:20",
        "materialAlpha": "1.0",
        "materialColor": "r:1.0 g:1.0 b:1.0 a:1.0",
        "materialOffset": "x:1 y:1 z:1.0",
        "materialTexture": "part_suliao.tga",
        "mesh": "asset/Mesh/Yellow Blue Round Base/g2047_hall_door.mesh",
        "metalness": "0",
        "name": "Npc_spawan4",
        "needSync": "true",
        "originAnchor": "false",
        "partNavMeshType": "1",
        "position": "x:20 y:1 z:20",
        "restitution": "0.3",
        "rotation": "x:0 y:0 z:0",
        "roughness": "0.9",
        "scale": "x:1 y:1 z:1",
        "selectable": "true",
        "staticBatchNo": "1",
        "staticObject": "false",
        "useAnchor": "true",
        "useCollide": "true",
        "useForCollision": "false",
        "useGravity": "true",
        "useLodModel": "false",
        "useTextureAlpha": "false"
      }
    },
    {
      "attributes": [],
      "class": "DropItem",
      "config": "myplugin/b67e27ca-a1ae-47c0-b802-4cc9a2bc3979",
      "customProperties": [],
      "properties": {
        "bakeTextureWeight": "1",
        "batchType": "Static",
        "canAcceptShadow": "true",
        "canGenerateShadow": "true",
        "fixRotation": "false",
        "id": "8808336658487181313",
        "isVisibleInEditor": "true",
        "name": "DropItem",
        "needSync": "true",
        "position": "x:-45.7916259765625 y:0.999901294708252 z:60.0345764160156",
        "rotation": "x:0 y:0 z:0",
        "scale": "x:1 y:1 z:1",
        "selectable": "true",
        "useAnchor": "false",
        "useForCollision": "false"
      }
    },
    {
      "attributes": [],
      "class": "DropItem",
      "config": "myplugin/b67e27ca-a1ae-47c0-b802-4cc9a2bc3979",
      "customProperties": [],
      "properties": {
        "bakeTextureWeight": "1",
        "batchType": "Static",
        "canAcceptShadow": "true",
        "canGenerateShadow": "true",
        "fixRotation": "false",
        "id": "8808336891521548289",
        "isVisibleInEditor": "true",
        "name": "DropItem",
        "needSync": "true",
        "position": "x:-45.7916259765625 y:0.999901294708252 z:60.0345764160156",
        "rotation": "x:0 y:0 z:0",
        "scale": "x:1 y:1 z:1",
        "selectable": "true",
        "useAnchor": "false",
        "useForCollision": "false"
      }
    },
    {
      "attributes": [],
      "class": "Entity",
      "config": "myplugin/edb3922f-eac5-49da-8741-8148aa3a9893",
      "customProperties": [],
      "properties": {
        "bakeTextureWeight": "1",
        "batchType": "Static",
        "canAcceptShadow": "true",
        "canGenerateShadow": "true",
        "collisionGroup": "1",
        "id": "8808437528090345473",
        "isVisibleInEditor": "true",
        "name": "Blue Dragon",
        "needSync": "true",
        "position": "x:-0.493299186229706 y:-0.607178211212158 z:48.7625846862793",
        "rotation": "x:0 y:173.999954223633 z:0",
        "scale": "x:1 y:1 z:1",
        "selectable": "true",
        "useAnchor": "false",
        "useForCollision": "false"
      }
    },
    {
      "attributes": [],
      "class": "Entity",
      "config": "myplugin/b8d0daf2-e2e2-4c04-a643-a647c92d77c9",
      "customProperties": [],
      "properties": {
        "bakeTextureWeight": "1",
        "batchType": "Static",
        "canAcceptShadow": "true",
        "canGenerateShadow": "true",
        "collisionGroup": "1",
        "id": "8808438135908155393",
        "isVisibleInEditor": "true",
        "name": "Red Dragon",
        "needSync": "true",
        "position": "x:0.745458543300629 y:-0.196173667907715 z:-50.0532989501953",
        "rotation": "x:0 y:0 z:0",
        "scale": "x:1 y:1 z:1",
        "selectable": "true",
        "useAnchor": "false",
        "useForCollision": "false"
      }
    },
    {
      "attributes": [],
      "children": [
        {
          "attributes": [],
          "class": "EffectPart",
          "customProperties": [],
          "properties": {
            "bakeTextureWeight": "1",
            "batchType": "Static",
            "canAcceptShadow": "true",
            "canGenerateShadow": "true",
            "effectFilePath": "asset/effect/Rainbow Arrow Click Effect/sots208_arrow click_01_color _3d.effect",
            "id": "8809796194241380353",
            "isVisibleInEditor": "true",
            "loopCount": "1",
            "loopInterval": "0.0",
            "loopReset": "false",
            "maxViewDistance": "-1",
            "name": "EffectPart",
            "needSync": "true",
            "position": "x:0 y:1.79500019550323 z:0",
            "rotation": "x:0 y:0 z:0",
            "scale": "x:1 y:1 z:1",
            "selectable": "true",
            "useAnchor": "false",
            "useForCollision": "false",
            "visible": "true"
          }
        }
      ],
      "class": "Part",
      "customProperties": [],
      "properties": {
        "angleVelocity": "x:0 y:0 z:0",
        "bakeTextureWeight": "1",
        "batchType": "Static",
        "bloom": "false",
        "booleanOperation": "0",
        "btsKey": "0b412fa4-ae18-463c-a357-2b6c418459ae",
        "cameraCollideEnable": "true",
        "canAcceptShadow": "true",
        "canGenerateShadow": "true",
        "collisionFidelity": "0",
        "collisionGroup": "1",
        "collisionUniqueKey": "",
        "customThreshold": "1",
        "density": "2.2",
        "discardAlpha": "0.0",
        "friction": "0.37",
        "id": "8808441494716383233",
        "isLockedInEditor": "false",
        "isVisibleInEditor": "true",
        "lineVelocity": "x:0 y:0 z:0",
        "massCenter": "x:0 y:1.79500019550323 z:0",
        "materialAlpha": "1.0",
        "materialColor": "r:0.349019607843137 g:0.349019607843137 b:0.349019607843137 a:1.0",
        "materialOffset": "x:1 y:1 z:1.0",
        "materialTexture": "part_suliao.tga",
        "name": "Part_teleport_1",
        "needSync": "true",
        "partNavMeshType": "1",
        "position": "x:0 y:1.79500019550323 z:0",
        "restitution": "0.3",
        "rotation": "x:0 y:0 z:0",
        "scale": "x:5 y:0.01 z:5",
        "selectable": "true",
        "shape": "3",
        "staticBatchNo": "auto_batch_0",
        "staticObject": "false",
        "useAnchor": "true",
        "useCollide": "true",
        "useForCollision": "false",
        "useGravity": "true",
        "useTextureAlpha": "false"
      }
    },
    {
      "attributes": [],
      "children": [
        {
          "attributes": [],
          "class": "EffectPart",
          "customProperties": [],
          "properties": {
            "bakeTextureWeight": "1",
            "batchType": "Static",
            "canAcceptShadow": "true",
            "canGenerateShadow": "true",
            "effectFilePath": "asset/effect/Rainbow Arrow Click Effect/sots208_arrow click_01_color _3d.effect",
            "id": "8809796533469511681",
            "isVisibleInEditor": "true",
            "loopCount": "1",
            "loopInterval": "0.0",
            "loopReset": "false",
            "maxViewDistance": "-1",
            "name": "EffectPart",
            "needSync": "true",
            "position": "x:-0.0490001514554024 y:30.689001083374 z:5.11950063705444",
            "rotation": "x:0 y:0 z:0",
            "scale": "x:1 y:1 z:1",
            "selectable": "true",
            "useAnchor": "false",
            "useForCollision": "false",
            "visible": "true"
          }
        }
      ],
      "class": "Part",
      "customProperties": [],
      "properties": {
        "angleVelocity": "x:0 y:0 z:0",
        "bakeTextureWeight": "1",
        "batchType": "Static",
        "bloom": "false",
        "booleanOperation": "0",
        "btsKey": "52c43ee9-b85f-4a65-a60f-880823bb860c",
        "cameraCollideEnable": "true",
        "canAcceptShadow": "true",
        "canGenerateShadow": "true",
        "collisionFidelity": "0",
        "collisionGroup": "1",
        "collisionUniqueKey": "",
        "customThreshold": "1",
        "density": "2.2",
        "discardAlpha": "0.0",
        "friction": "0.37",
        "id": "8808446286092140545",
        "isLockedInEditor": "false",
        "isVisibleInEditor": "true",
        "lineVelocity": "x:0 y:0 z:0",
        "massCenter": "x:-0.0490001514554024 y:30.689001083374 z:5.11950063705444",
        "materialAlpha": "1.0",
        "materialColor": "r:0.0941176470588235 g:0.168627450980392 b:0.301960784313725 a:1.0",
        "materialOffset": "x:1 y:1 z:1.0",
        "materialTexture": "part_suliao.tga",
        "name": "Part_teleport_2",
        "needSync": "true",
        "partNavMeshType": "1",
        "position": "x:-0.0490001514554024 y:30.689001083374 z:5.11950063705444",
        "restitution": "0.3",
        "rotation": "x:0 y:0 z:0",
        "scale": "x:3.14098 y:0.00999994 z:3.14098",
        "selectable": "true",
        "shape": "3",
        "staticBatchNo": "auto_batch_0",
        "staticObject": "false",
        "useAnchor": "true",
        "useCollide": "true",
        "useForCollision": "false",
        "useGravity": "true",
        "useTextureAlpha": "false"
      }
    }
  ],
  "skyBox": [
    {
      "texture": [
        "@asset/Texture/SkyBox/Night/Sky03_right.png",
        "@asset/Texture/SkyBox/Night/Sky03_left.png",
        "@asset/Texture/SkyBox/Night/Sky03_top.png",
        "@asset/Texture/SkyBox/Night/Sky03_bottom.png",
        "@asset/Texture/SkyBox/Night/Sky03_back.png",
        "@asset/Texture/SkyBox/Night/Sky03_front.png"
      ]
    }
  ],
  "skyBoxMode": "static_display",
  "skyBoxRotate": {
    "x": 0,
    "y": 60,
    "z": 0
  },
  "skyBoxTexPixFmt": "RGBA8",
  "skyBoxTexSize": 512,
  "touchPosY": {
    "touchdownPosY": -30,
    "touchupPosY": 600
  },
  "useLod": false
}