{
  "autoRotateColliderBox": true,
  "collideEntity": 6,
  "collider": {
    "height": 2,
    "offset": {
      "x": 0,
      "y": 0,
      "z": 0
    },
    "radius": 1,
    "rotation": {
      "x": 0,
      "y": 0,
      "z": 0
    },
    "type": "Cylinder"
  },
  "followTarget": false,
  "followTargetRotation": true,
  "followTargetRotationOffset": {
    "x": 0,
    "y": 0,
    "z": 0
  },
  "gravity": 0,
  "hitEntityCount": 3,
  "hitEntitySkill": "myplugin/b77cfb95-49ad-440b-82bb-ea467b17c7a5",
  "hitEntitysRoles": [
    "hitAllTeam",
    "hitPlayer",
    "hitAllConfigEntity"
  ],
  "hitInterval": 2,
  "isPitch": true,
  "lifeTime": 2,
  "lockRotateBodyPitch": 0,
  "lockRotateBodyRoll": 0,
  "lockRotateBodyYaw": 0,
  "moveAcc": 0,
  "moveSpeed": 0,
  "rotateFree": true,
  "rotateSpeed": 0,
  "startWithMoveAcc": true,
  "vanishShow": false,
  "vanishTime": 10
}