{
  "automatch": true,
  "bagCap": 9,
  "batchType": "Dynamic",
  "cameraCfg": {
    "canSwitchView": true,
    "defaultPitch": 0,
    "defaultView": 1,
    "defaultYaw": 0,
    "viewModeConfig": [
      {
        "enable": false,
        "lockSlideScreen": true,
        "viewFovAngle": 75
      },
      {
        "distance": 4,
        "enable": true,
        "enableCollisionDetect": true,
        "lockSlideScreen": false,
        "offset": {
          "__OBJ_TYPE": "Vector3",
          "x": 0,
          "y": 0,
          "z": 0
        },
        "viewFovAngle": 75
      },
      {
        "distance": 4,
        "enable": false,
        "enableCollisionDetect": true,
        "lockSlideScreen": false,
        "offset": {
          "__OBJ_TYPE": "Vector3",
          "x": 0,
          "y": 0,
          "z": 0
        },
        "viewFovAngle": 75
      },
      {
        "distance": 4,
        "enable": false,
        "enableCollisionDetect": true,
        "lockBodyRotation": false,
        "lockSlideScreen": false,
        "offset": {
          "__OBJ_TYPE": "Vector3",
          "x": 0,
          "y": 0,
          "z": 0
        },
        "viewFovAngle": 75
      },
      {
        "enable": false,
        "lockBodyRotation": false,
        "lockSlideScreen": false,
        "lockViewPos": true,
        "pos": {
          "__OBJ_TYPE": "Vector3i",
          "x": 0,
          "y": 0,
          "z": 0
        },
        "viewFovAngle": 75
      }
    ]
  },
  "canJoinMidway": true,
  "collisionMatrix": [
    "1",
    "11",
    "111",
    "1111"
  ],
  "defaultMap": "map001",
  "defaultQualityLevel": 1,
  "dragControlConfig": {
    "useDragControl": true
  },
  "editorFovAngle": 65,
  "enableBakeLight": true,
  "enableNewLighting": true,
  "engineDefUIEnable": {
    "actionControl": true,
    "actionControlMode": "flexibleDragControl",
    "appMainRole": true,
    "chat": true,
    "playerinfo": true,
    "shortcutBar": true,
    "toolbar": true
  },
  "forcePickBlock": true,
  "glesMinorVersion": 0,
  "glesVersion": 3,
  "hideCloud": false,
  "hideTeamStatusBar": false,
  "ignoreEmptyStartPos": false,
  "initPos": {
    "map": "map001",
    "x": 7,
    "y": 1.04,
    "z": 37
  },
  "isTimeStopped": true,
  "jumpControlConfig": {
    "area": [
      [
        0,
        100
      ],
      [
        0,
        60
      ],
      [
        0,
        200
      ],
      [
        0,
        200
      ]
    ],
    "jumpImage": {
      "name": "jump_imagesets/icon_jump_nor.png"
    },
    "jumpPushImage": {
      "name": "jump_imagesets/icon_jump_act.png"
    },
    "useGroup": "_imagesets_"
  },
  "maxPlayers": 6,
  "meshPartStaticMergeRender": true,
  "minPlayers": 2,
  "moveStateConfig": {
    "isShow": false
  },
  "needSave": false,
  "noLoadHp": true,
  "notReadUserSettingCfgAtEditor": true,
  "nowTime": 19666.6666666667,
  "oneDayTime": 600,
  "partGameStaticBatch": true,
  "personalSettingUI": {
    "controlMode": true,
    "guiSize": false,
    "horizon": false,
    "imageQuality": true,
    "jumpSneakState": false,
    "luminance": false,
    "sensitive": true,
    "volume": true
  },
  "personalShop": false,
  "playerCfg": "myplugin/player1",
  "playTime": -1,
  "qualityLevelData": {
    "maxLevel": [
      2,
      0,
      0.6,
      0.68,
      0.00132,
      3,
      1.4,
      1,
      1,
      0.22,
      -0.00132,
      0.43,
      1,
      0,
      0.1,
      0,
      0,
      2,
      2,
      1,
      0,
      2,
      1.8
    ]
  },
  "replay": false,
  "reportTime": 1200,
  "screenSpaceCull": false,
  "skillJack": {
    "AJackArea": [
      [
        0,
        -40
      ],
      [
        0,
        -40
      ],
      [
        0,
        120
      ],
      [
        0,
        120
      ]
    ],
    "hideBJack": true,
    "lineSkills": [
      {
        "hAlign": 2,
        "itemSpace": 30,
        "jackNum": 2,
        "jackSize": 80,
        "vAlign": 1,
        "xOffset": -50,
        "yOffset": 0
      },
      {
        "hAlign": 1,
        "itemSpace": 30,
        "jackNum": 4,
        "jackSize": 80,
        "vAlign": 0,
        "xOffset": 0,
        "yOffset": 50
      }
    ],
    "sectorSkills": [
      {
        "deltaAngle": 45,
        "jackNum": 3,
        "jackSize": 88,
        "radius": 170,
        "startAngle": 270
      }
    ]
  },
  "startPos": [
    {
      "map": "map001",
      "x": 7,
      "y": 1.04,
      "z": 37
    }
  ],
  "team": [
    {
      "actorName": "asset/Actor/Gray Armor Warrior/Passers-by.actor",
      "id": 1,
      "ignorePlayerSkin": true,
      "image": "asset/Texture/Team/flag/flag_1.png",
      "initPos": {
        "map": "map001",
        "x": -0.0423282086849213,
        "y": 1.54001049041748,
        "z": -38.2480049133301
      },
      "mainTeamImageBg": "",
      "mainTeamImageFrame": "flag_textures/flag_frame",
      "memberLimit": 3,
      "name": "Team Red",
      "startPos": [
        {
          "map": "map001",
          "x": -0.0505285263061523,
          "y": 1.54001287460327,
          "z": -38.5139312744141
        }
      ]
    },
    {
      "actorName": "asset/Actor/Gray Armor Warrior/Passers-by.actor",
      "id": 2,
      "ignorePlayerSkin": true,
      "image": "asset/Texture/Team/flag/flag_8.png",
      "initPos": {
        "map": "map001",
        "x": 0.738259196281433,
        "y": 1.54000071525574,
        "z": 39.9676284790039
      },
      "mainTeamImageBg": "",
      "mainTeamImageFrame": "flag_textures/flag_frame",
      "memberLimit": 3,
      "name": "Team Blue",
      "startPos": [
        {
          "map": "map001",
          "x": 0.453183889389038,
          "y": 1.54000071525574,
          "z": 40.329833984375
        }
      ]
    }
  ],
  "teammateHurt": false,
  "topTeamInfo": {
    "teamDieIcon": "flag_textures/flag_die",
    "teamDieIconArea": [
      [
        0,
        5
      ],
      [
        0,
        -7
      ],
      [
        0,
        20
      ],
      [
        0,
        20
      ]
    ],
    "teamInfoArea": [
      [
        0,
        -5
      ],
      [
        0,
        -3
      ],
      [
        0,
        53.45
      ],
      [
        0,
        17
      ]
    ]
  },
  "useHalfImageSize": true,
  "useNewCollisionFiltering": true,
  "useNewFirstViewer": true,
  "useNewQuadConfig": true,
  "useNewUI": true,
  "useVoxelTerrain": true,
  "vars": {
    "__OBJ_TYPE": [],
    "entity": [
      {
        "key": "Score",
        "run_type": "server",
        "save": false,
        "value": 0
      }
    ],
    "global": [],
    "ui": []
  },
  "waitAtInitPos": true,
  "waitGoTime": 0,
  "waitPlayerTime": 200,
  "waitStartTime": 60
}