{"viewport_height":407,"viewport_width":725,"map_pos":{"map001":{"z":30,"y":68,"x":30}},"part_place_settings":[{"color":{"r":200,"a":255,"g":164,"__OBJ_TYPE":"Color","b":255},"__OBJ_TYPE":"PART_PLACE_SETTING","texture":"part_mutou.tga","key":"cube"},{"color":{"r":255,"a":255,"g":255,"__OBJ_TYPE":"Color","b":255},"__OBJ_TYPE":"PART_PLACE_SETTING","texture":"part_suliao.tga","key":"sphere"},{"color":{"r":255,"a":255,"g":255,"__OBJ_TYPE":"Color","b":255},"__OBJ_TYPE":"PART_PLACE_SETTING","texture":"part_suliao.tga","key":"cylinder"},{"color":{"r":255,"a":255,"g":255,"__OBJ_TYPE":"Color","b":255},"__OBJ_TYPE":"PART_PLACE_SETTING","texture":"part_suliao.tga","key":"cone"}],"camera_move_speed":0.3}