[
  {
    "attributes": [],
    "class": "Part",
    "customProperties": [],
    "properties": {
      "angleVelocity": "x:0 y:0 z:0",
      "bakeTextureWeight": "1",
      "batchType": "Static",
      "bloom": "false",
      "booleanOperation": "0",
      "btsKey": "cb0b095e-3b4b-4df2-b047-026c43f56341",
      "cameraCollideEnable": "true",
      "canAcceptShadow": "true",
      "canGenerateShadow": "true",
      "collisionFidelity": "0",
      "collisionGroup": "1",
      "collisionUniqueKey": "",
      "customThreshold": "1",
      "density": "1.26",
      "discardAlpha": "0.0",
      "friction": "0.28",
      "id": "8807824218134282241",
      "isLockedInEditor": "false",
      "isVisibleInEditor": "true",
      "lineVelocity": "x:0 y:0 z:0",
      "massCenter": "x:20 y:2 z:-20",
      "materialAlpha": "1.0",
      "materialColor": "r:0.784313725490196 g:0.643137254901961 b:1.0 a:1.0",
      "materialOffset": "x:1 y:1 z:1.0",
      "materialTexture": "part_mutou.tga",
      "name": "Block_Item_Bomb",
      "needSync": "true",
      "partNavMeshType": "1",
      "position": "x:20 y:2 z:-20",
      "restitution": "0.15",
      "rotation": "x:0 y:0 z:0",
      "scale": "x:1 y:1 z:1",
      "selectable": "true",
      "shape": "1",
      "staticBatchNo": "",
      "staticObject": "false",
      "useAnchor": "true",
      "useCollide": "true",
      "useForCollision": "false",
      "useGravity": "true",
      "useTextureAlpha": "false"
    }
  },
  {
    "attributes": [],
    "class": "Part",
    "customProperties": [],
    "properties": {
      "angleVelocity": "x:0 y:0 z:0",
      "bakeTextureWeight": "1",
      "batchType": "Static",
      "bloom": "false",
      "booleanOperation": "0",
      "btsKey": "ac19a920-6e1e-4614-b74b-783c52991322",
      "cameraCollideEnable": "true",
      "canAcceptShadow": "true",
      "canGenerateShadow": "true",
      "collisionFidelity": "0",
      "collisionGroup": "1",
      "collisionUniqueKey": "",
      "customThreshold": "1",
      "density": "1.26",
      "discardAlpha": "0.0",
      "friction": "0.28",
      "id": "8807897350568951809",
      "isLockedInEditor": "false",
      "isVisibleInEditor": "true",
      "lineVelocity": "x:0 y:0 z:0",
      "massCenter": "x:20 y:2 z:-20",
      "materialAlpha": "1",
      "materialColor": "r:0.666666666666667 g:0.415686274509804 b:0.0666666666666667 a:1.0",
      "materialOffset": "x:1 y:1 z:1.0",
      "materialTexture": "part_mutou.tga",
      "name": "Block_Item_Monster",
      "needSync": "true",
      "partNavMeshType": "1",
      "position": "x:20 y:2 z:-20",
      "restitution": "0.15",
      "rotation": "x:0 y:0 z:0",
      "scale": "x:1 y:1 z:1",
      "selectable": "true",
      "shape": "1",
      "staticBatchNo": "",
      "staticObject": "false",
      "useAnchor": "true",
      "useCollide": "true",
      "useForCollision": "false",
      "useGravity": "true",
      "useTextureAlpha": "false"
    }
  },
  {
    "attributes": [],
    "class": "Part",
    "customProperties": [],
    "properties": {
      "angleVelocity": "x:0 y:0 z:0",
      "bakeTextureWeight": "1",
      "batchType": "Static",
      "bloom": "false",
      "booleanOperation": "0",
      "btsKey": "b8fe4150-14ef-408c-a4d8-0f41149ca027",
      "cameraCollideEnable": "true",
      "canAcceptShadow": "true",
      "canGenerateShadow": "true",
      "collisionFidelity": "0",
      "collisionGroup": "1",
      "collisionUniqueKey": "",
      "customThreshold": "1",
      "density": "1.26",
      "discardAlpha": "0.0",
      "friction": "0.28",
      "id": "8808218817772568577",
      "isLockedInEditor": "false",
      "isVisibleInEditor": "true",
      "lineVelocity": "x:0 y:0 z:0",
      "massCenter": "x:20 y:2 z:-20",
      "materialAlpha": "1.0",
      "materialColor": "r:0.666666666666667 g:0.415686274509804 b:0.0666666666666667 a:1.0",
      "materialOffset": "x:1 y:1 z:1.0",
      "materialTexture": "part_mutou.tga",
      "name": "Block_Item_Defend",
      "needSync": "true",
      "partNavMeshType": "1",
      "position": "x:20 y:2 z:-20",
      "restitution": "0.15",
      "rotation": "x:0 y:0 z:0",
      "scale": "x:1 y:1 z:1",
      "selectable": "true",
      "shape": "1",
      "staticBatchNo": "",
      "staticObject": "false",
      "useAnchor": "true",
      "useCollide": "true",
      "useForCollision": "false",
      "useGravity": "true",
      "useTextureAlpha": "false"
    }
  }
]