{
  "autoRotateColliderBox": true,
  "collideEntity": 6,
  "collider": {
    "height": 2,
    "offset": {
      "x": 0,
      "y": 0,
      "z": 0
    },
    "radius": 1.5,
    "rotation": {
      "x": 0,
      "y": 0,
      "z": 0
    },
    "type": "Cylinder"
  },
  "followTarget": false,
  "followTargetRotation": true,
  "followTargetRotationOffset": {
    "x": 0,
    "y": 0,
    "z": 0
  },
  "gravity": 0,
  "hitEntitySkill": "myplugin/e8d4cc80-a94a-4c38-8338-c271636f7437",
  "hitEntitysRoles": [
    "hitOtherTeam",
    "hitAllEntitys",
    "hitAllConfigEntity"
  ],
  "hitInterval": 2,
  "isPitch": true,
  "lifeTime": 2,
  "lockRotateBodyPitch": 0,
  "lockRotateBodyRoll": 0,
  "lockRotateBodyYaw": 0,
  "moveAcc": 0,
  "moveSpeed": 0,
  "rotateFree": true,
  "rotateSpeed": 0,
  "startWithMoveAcc": true,
  "vanishShow": false,
  "vanishTime": 10
}