{
  "__OBJ_TYPE": "SkillSystemCfg",
  "AntiClockwise": false,
  "attackBound": {
    "__OBJ_TYPE": "AttackBound",
    "angle": {
      "__OBJ_TYPE": "ValueRange",
      "max": 360,
      "min": 0
    },
    "height": 2,
    "height_c": 1.5,
    "memory": {
      "__OBJ_TYPE": "BoundingVolumeMemory",
      "Capsule": "",
      "Cylinder": "",
      "Sector": "",
      "Sphere": ""
    },
    "position": {
      "__OBJ_TYPE": "Vector3",
      "x": 0,
      "y": 0,
      "z": 0
    },
    "preview_dialog": {
      "__OBJ_TYPE": "CollisionboxPreview",
      "preview": false
    },
    "radius": 1.5,
    "radius_c": 0.5,
    "rotate": {
      "__OBJ_TYPE": "Vector3",
      "x": 0,
      "y": 0,
      "z": 0
    },
    "size": {
      "__OBJ_TYPE": "Vector3",
      "x": 1,
      "y": 1,
      "z": 1
    },
    "type": "Cylinder"
  },
  "attackBoundSkillSystemCfg": {
    "__OBJ_TYPE": "BoundPreview",
    "angle": {
      "__OBJ_TYPE": "ValueRange",
      "max": 360,
      "min": 0
    },
    "height": 2,
    "height_c": 1.5,
    "memory": {
      "__OBJ_TYPE": "BoundingVolumeMemory",
      "Capsule": "",
      "Cylinder": "1.000000-0.500000",
      "Sector": "1.000000-0.500000",
      "Sphere": "1.000000-0.500000"
    },
    "position": {
      "__OBJ_TYPE": "Vector3",
      "x": 0,
      "y": 0,
      "z": 0
    },
    "radius": 1.5,
    "radius_c": 0.5,
    "rotate": {
      "__OBJ_TYPE": "Vector3",
      "x": 0,
      "y": 0,
      "z": 0
    },
    "size": {
      "__OBJ_TYPE": "Vector3",
      "x": 1,
      "y": 1,
      "z": 1
    },
    "type": "Cylinder"
  },
  "attackTarget": {
    "__OBJ_TYPE": "AttackTarget",
    "attackEntity": "hitAllConfigEntity",
    "attackTeam": "hitOtherTeam",
    "entityList": [],
    "targetType": "hitAllEntitys",
    "teamList": []
  },
  "beginCoolDown": "",
  "castAction": {
    "__OBJ_TYPE": "SkillReleaseAction",
    "castAction": "comboAttack2",
    "castActionTime": {
      "__OBJ_TYPE": "Time",
      "value": 20
    },
    "custom_time": false
  },
  "castEffect": {
    "__OBJ_TYPE": "EntityEffect",
    "effect": {
      "__OBJ_TYPE": "Resource_Effect",
      "asset": "",
      "selector": ""
    },
    "once": true,
    "pos": {
      "__OBJ_TYPE": "Vector3",
      "x": 0,
      "y": 0,
      "z": 0
    },
    "scale": {
      "__OBJ_TYPE": "Vector3",
      "x": 1,
      "y": 1,
      "z": 1
    },
    "selfOnly": false,
    "yaw": 0
  },
  "castInterval": {
    "__OBJ_TYPE": "Time",
    "value": 0
  },
  "castSound": {
    "__OBJ_TYPE": "CastSound",
    "attenuationType": "0",
    "is3dSound": false,
    "loop": false,
    "losslessDistance": 5,
    "maxDistance": 20,
    "playRate": 1,
    "selfOnly": false,
    "sound": {
      "__OBJ_TYPE": "Resource_Sound",
      "asset": "",
      "selector": ""
    },
    "volume": {
      "__OBJ_TYPE": "Percentage",
      "value": 1
    }
  },
  "cdAnimation": "",
  "cdTime": {
    "__OBJ_TYPE": "Time",
    "value": 0
  },
  "chargeAntiClockwise": false,
  "chargeCdAnimation": "",
  "chargeCdTime": {
    "__OBJ_TYPE": "Time",
    "value": 0
  },
  "chargeEnableCdMask": false,
  "chargeEnableCdTip": false,
  "chargeFillPosition": "",
  "chargeFillType": "Horizontal",
  "chargeIsShowCdPoint": false,
  "chargeTimes": 2,
  "damage": 10,
  "enableCdMask": false,
  "enableCdTip": false,
  "enableChargeTime": false,
  "FillPosition": "",
  "FillType": "Horizontal",
  "hitEntitySound": {
    "__OBJ_TYPE": "CastSound",
    "attenuationType": "0",
    "is3dSound": false,
    "loop": false,
    "losslessDistance": 5,
    "maxDistance": 20,
    "playRate": 1,
    "selfOnly": false,
    "sound": {
      "__OBJ_TYPE": "Resource_Sound",
      "asset": "",
      "selector": ""
    },
    "volume": {
      "__OBJ_TYPE": "Percentage",
      "value": 1
    }
  },
  "hurtDistance": 0.1,
  "isLimit": false,
  "isShowCdPoint": false,
  "isTouch": false,
  "lifeTime": {
    "__OBJ_TYPE": "Time",
    "value": 2
  },
  "maxAttackNumber": 1,
  "missile": "9d1249ca-b45d-43d1-9070-49658db6e5f4",
  "name": {
    "__OBJ_TYPE": "Text",
    "value": "skill_system_51142074-e9b5-4e2e-af66-4910f1100e0b"
  },
  "preKillTime": {
    "__OBJ_TYPE": "Time",
    "value": 0
  },
  "recoveryTimes": "",
  "skill1": "51142074-e9b5-4e2e-af66-4910f1100e0b",
  "skill2": "e8d4cc80-a94a-4c38-8338-c271636f7437",
  "skillIcon": {
    "__OBJ_TYPE": "Resource_SkillTexture",
    "asset": "asset/Texture/Skill/common/icon__nor.png",
    "selector": ""
  },
  "skillIconPos": {
    "__OBJ_TYPE": "SkillIconPos",
    "area_number": 8
  },
  "skillIconPushed": {
    "__OBJ_TYPE": "Resource_SkillTexture",
    "asset": "",
    "selector": ""
  }
}